METODO;URI;STATUS;URL;USERAGENT;COOKIE;BROWSER;QSTATUS;SSTATUS;MSTATUS;LSTATUS;ACAO;QREGRA;SREGRA;MREGRA;LREGRA
0;0;0;0;1;1;4;3;0;0,0;0,0;3;3;0;0,0;0,0
0;0;0;0;2;1;4;2;0;0,0;0,0;3;2;0;0,0;0,0
0;0;0;0;3;0;8;1969;20;1,015744032503809;1,0;3;1969;0;0,0;0,0
0;0;0;0;3;1;2;3;0;0,0;0,0;3;3;0;0,0;0,0
0;0;0;0;4;0;1;1;0;0,0;0,0;3;1;0;0,0;0,0
0;0;0;0;4;0;4;46;1;2,1739130434782608;1,0;3;46;0;0,0;0,0
0;0;0;0;4;1;1;4;0;0,0;0,0;3;4;0;0,0;0,0
0;0;0;0;4;1;4;54;0;0,0;0,0;3;54;0;0,0;0,0
0;0;0;0;5;1;5;2;0;0,0;0,0;3;2;0;0,0;0,0
0;0;0;1;1;0;4;7;0;0,0;0,0;3;7;0;0,0;0,0
0;0;0;1;2;0;4;1;0;0,0;0,0;3;1;0;0,0;0,0
0;0;0;1;2;1;4;144;0;0,0;0,0;3;144;0;0,0;0,0
0;0;0;1;3;0;8;154;28;18,181818181818183;1,0;0;4;0;0,0;0,0
0;0;0;1;3;0;8;154;28;18,181818181818183;1,0;3;150;0;0,0;0,0
0;0;0;1;4;0;1;36;0;0,0;0,0;3;36;0;0,0;0,0
0;0;0;1;4;0;4;214;7;3,2710280373831773;1,0;3;214;0;0,0;0,0
0;0;4;0;4;1;1;1;0;0,0;0,0;3;1;0;0,0;0,0
0;0;4;0;4;1;4;30;0;0,0;0,0;3;30;0;0,0;0,0
0;0;4;1;1;0;8;1;1;100,0;0;3;1;0;0,0;0,0
0;0;4;1;3;0;2;3;3;100,0;0;3;3;0;0,0;0,0
0;0;4;1;3;0;8;33;16;48,484848484848484;1,0;3;33;0;0,0;0,0
0;0;4;1;4;0;1;15;14;93,333333333333329;0;3;15;0;0,0;0,0
0;0;4;1;4;0;4;1;0;0,0;0,0;3;1;0;0,0;0,0
0;0;4;3;4;0;1;1;0;0,0;0,0;3;1;0;0,0;0,0
0;0;5;0;3;1;2;4;0;0,0;0,0;3;4;0;0,0;0,0
0;0;5;0;4;1;1;3;0;0,0;0,0;3;3;0;0,0;0,0
0;0;5;0;4;1;4;35;0;0,0;0,0;3;35;0;0,0;0,0
0;0;5;0;4;1;8;5;0;0,0;0,0;3;5;0;0,0;0,0
0;0;5;1;1;0;4;2;0;0,0;0,0;3;2;0;0,0;0,0
0;0;5;1;1;0;8;3;3;100,0;0;3;3;0;0,0;0,0
0;0;5;1;2;0;4;2;0;0,0;0,0;3;2;0;0,0;0,0
0;0;5;1;3;0;8;8;0;0,0;0,0;3;8;0;0,0;0,0
0;2;2;0;2;1;4;21079;0;0,0;0,0;0;5;0;0,0;0,0
0;2;2;0;3;0;2;155;0;0,0;0,0;3;155;0;0,0;0,0
0;2;2;0;3;0;4;3;0;0,0;0,0;3;3;0;0,0;0,0
0;2;2;0;3;0;8;54;7;12,962962962962962;1,0;3;54;0;0,0;0,0
0;2;2;0;3;1;2;11429;0;0,0;0,0;0;41;0;0,0;0,0
0;2;2;0;3;1;2;11429;0;0,0;0,0;3;11388;0;0,0;0,0
0;2;2;0;3;1;4;369;0;0,0;0,0;3;369;0;0,0;0,0
0;2;2;0;3;1;8;834;0;0,0;0,0;3;834;0;0,0;0,0
0;2;2;0;4;0;1;738;0;0,0;0,0;3;738;0;0,0;0,0
0;2;2;0;4;0;2;284;0;0,0;0,0;3;284;0;0,0;0,0
0;2;2;0;4;0;4;2864;140;4,8882681564245809;1,0;3;2864;0;0,0;0,0
0;2;2;0;4;0;8;192;0;0,0;0,0;3;192;0;0,0;0,0
0;2;2;0;4;1;1;30139;1;3,3179601181193806E-3;1,0;3;30139;0;0,0;0,0
0;2;2;0;4;1;2;123;0;0,0;0,0;3;123;0;0,0;0,0
0;2;2;0;4;1;4;199133;0;0,0;0,0;0;9;0;0,0;0,0
0;2;2;0;4;1;4;199133;0;0,0;0,0;3;199124;0;0,0;0,0
0;2;3;1;4;0;1;260;0;0,0;0,0;3;259;0;0,0;0,0
0;2;3;1;4;0;2;7;0;0,0;0,0;3;7;0;0,0;0,0
0;2;3;1;4;0;4;156;0;0,0;0,0;3;156;0;0,0;0,0
0;2;3;1;4;0;8;113;0;0,0;0,0;3;113;0;0,0;0,0
0;2;3;1;4;1;1;4;0;0,0;0,0;3;4;0;0,0;0,0
0;2;3;1;4;1;2;5;0;0,0;0,0;3;5;0;0,0;0,0
0;2;3;1;4;1;4;21;0;0,0;0,0;3;21;0;0,0;0,0
0;2;3;1;4;1;8;3;0;0,0;0,0;3;3;0;0,0;0,0
0;2;3;1;5;0;1;6;0;0,0;0,0;3;6;0;0,0;0,0
0;2;3;1;5;0;2;13;0;0,0;0,0;3;13;0;0,0;0,0
0;2;3;1;5;0;8;56;0;0,0;0,0;3;56;0;0,0;0,0
0;2;3;1;5;1;1;1;0;0,0;0,0;3;1;0;0,0;0,0
0;2;3;1;5;1;2;6;0;0,0;0,0;3;6;0;0,0;0,0
0;2;3;1;5;1;4;1;0;0,0;0,0;3;1;0;0,0;0,0
0;2;3;1;5;1;5;8;0;0,0;0,0;3;8;0;0,0;0,0
0;2;3;2;1;0;4;1;0;0,0;0,0;3;1;0;0,0;0,0
0;3;2;0;3;1;8;18;0;0,0;0,0;3;18;0;0,0;0,0
0;3;2;0;4;0;1;482;0;0,0;0,0;3;482;0;0,0;0,0
0;3;2;0;4;0;2;53;0;0,0;0,0;3;53;0;0,0;0,0
0;3;2;0;4;0;4;1409;0;0,0;0,0;3;1409;0;0,0;0,0
0;3;2;0;4;0;8;216;0;0,0;0,0;3;216;0;0,0;0,0
0;3;2;0;4;1;1;21767;0;0,0;0,0;3;21767;0;0,0;0,0
0;3;2;0;4;1;2;6;0;0,0;0,0;3;6;0;0,0;0,0
0;3;2;0;4;1;4;143954;0;0,0;0,0;0;24;0;0,0;0,0
0;3;2;0;4;1;4;143954;0;0,0;0,0;3;143930;0;0,0;0,0
0;3;2;0;4;1;8;12469;0;0,0;0,0;3;12469;0;0,0;0,0
0;3;2;0;5;1;4;7;0;0,0;0,0;3;7;0;0,0;0,0
0;3;2;1;1;0;1;92;0;0,0;0,0;3;92;0;0,0;0,0
0;3;2;1;1;0;4;1972;509;25,811359026369168;1,0;3;1972;0;0,0;0,0
0;3;2;1;1;0;8;112;0;0,0;0,0;3;112;0;0,0;0,0
0;3;2;1;1;1;1;14;0;0,0;0,0;3;14;0;0,0;0,0
0;3;2;1;1;1;4;429;168;39,16083916083916;1,0;3;429;0;0,0;0,0
0;3;3;2;1;1;4;2;0;0,0;0,0;3;2;0;0,0;0,0
0;3;3;2;2;0;4;9;0;0,0;0,0;3;9;0;0,0;0,0
0;3;3;2;2;1;4;4;0;0,0;0,0;3;4;0;0,0;0,0
0;3;3;2;3;0;8;1;0;0,0;0,0;3;1;0;0,0;0,0
0;3;3;2;4;0;1;2;0;0,0;0,0;3;2;0;0,0;0,0
0;3;3;2;4;0;4;2;0;0,0;0,0;3;2;0;0,0;0,0
0;3;3;2;4;1;1;1;0;0,0;0,0;3;1;0;0,0;0,0
0;3;3;2;4;1;2;1;0;0,0;0,0;3;1;0;0,0;0,0
0;3;3;2;4;1;4;1;0;0,0;0,0;3;1;0;0,0;0,0
0;3;3;3;1;0;4;293;0;0,0;0,0;3;293;0;0,0;0,0
0;3;3;3;1;0;8;2;0;0,0;0,0;3;2;0;0,0;0,0
0;3;3;3;1;1;4;329;0;0,0;0,0;3;329;0;0,0;0,0
0;3;3;3;1;1;5;1;0;0,0;0,0;3;1;0;0,0;0,0
0;3;3;3;2;0;4;19;0;0,0;0,0;3;19;0;0,0;0,0
0;3;3;3;2;1;4;23;0;0,0;0,0;3;23;0;0,0;0,0
0;3;3;3;3;0;2;1;0;0,0;0,0;3;1;0;0,0;0,0
2;3;3;0;4;1;4;206;0;0,0;0,0;3;206;0;0,0;0,0
2;3;3;0;4;1;8;23;0;0,0;0,0;3;23;0;0,0;0,0
2;3;5;0;2;1;1;1;0;0,0;0,0;3;1;0;0,0;0,0
2;3;5;0;2;1;4;1;0;0,0;0,0;3;1;0;0,0;0,0
2;3;5;0;3;0;2;4;0;0,0;0,0;3;4;0;0,0;0,0
2;3;5;0;4;1;1;1;0;0,0;0,0;3;1;0;0,0;0,0
2;3;5;0;4;1;4;54;0;0,0;0,0;3;54;0;0,0;0,0
2;3;5;0;4;1;8;1;0;0,0;0,0;3;1;0;0,0;0,0
2;3;5;1;1;0;4;7;0;0,0;0,0;3;7;0;0,0;0,0
4;3;5;1;3;0;3;2;0;0,0;0,0;3;2;0;0,0;0,0
4;3;5;1;4;0;1;6;0;0,0;0,0;3;6;0;0,0;0,0
0;0;0;1;4;1;4;4;0;0,0;0,0;3;4;0;0,0;0,0
0;0;0;3;4;0;1;5;0;0,0;0,0;3;5;0;0,0;0,0
0;0;2;0;1;0;4;3;0;0,0;0,0;3;3;0;0,0;0,0
0;0;2;0;1;1;1;8;0;0,0;0,0;3;8;0;0,0;0,0
0;0;2;0;1;1;4;496;0;0,0;0,0;3;496;0;0,0;0,0
0;0;2;0;2;0;1;1;0;0,0;0,0;3;1;0;0,0;0,0
0;0;2;0;2;0;4;6;0;0,0;0,0;3;6;0;0,0;0,0
0;0;2;0;2;1;1;6;0;0,0;0,0;3;6;0;0,0;0,0
0;0;2;0;2;1;4;196;0;0,0;0,0;3;196;0;0,0;0,0
0;0;2;0;3;0;2;8;0;0,0;0,0;3;8;0;0,0;0,0
0;0;2;0;3;0;4;1;0;0,0;0,0;3;1;0;0,0;0,0
0;0;2;0;3;0;8;2514;213;8,4725536992840098;1,0;3;2514;0;0,0;0,0
0;0;2;0;3;1;2;82;0;0,0;0,0;3;82;0;0,0;0,0
0;0;2;0;3;1;4;10;0;0,0;0,0;3;10;0;0,0;0,0
0;0;2;0;4;0;1;26;0;0,0;0,0;3;26;0;0,0;0,0
0;0;2;0;4;0;2;10;0;0,0;0,0;3;10;0;0,0;0,0
0;0;5;1;4;0;1;18;0;0,0;0,0;3;18;0;0,0;0,0
0;0;5;1;4;0;4;65;0;0,0;0,0;3;65;0;0,0;0,0
0;0;5;1;4;1;4;1;0;0,0;0,0;3;1;0;0,0;0,0
0;1;2;0;1;0;4;2;0;0,0;0,0;3;2;0;0,0;0,0
0;1;2;0;1;0;5;1;0;0,0;0,0;3;1;0;0,0;0,0
0;1;2;0;1;1;4;74;0;0,0;0,0;3;74;0;0,0;0,0
0;1;2;0;2;0;4;1;0;0,0;0,0;3;1;0;0,0;0,0
0;1;2;0;2;1;4;59;0;0,0;0,0;3;59;0;0,0;0,0
0;1;2;0;3;0;8;11;0;0,0;0,0;3;11;0;0,0;0,0
0;1;2;0;3;1;2;2;0;0,0;0,0;3;2;0;0,0;0,0
0;1;2;0;3;1;4;2;0;0,0;0,0;3;2;0;0,0;0,0
0;1;2;0;4;1;4;6;0;0,0;0,0;3;6;0;0,0;0,0
0;1;2;0;4;1;8;1;0;0,0;0,0;3;1;0;0,0;0,0
0;1;2;0;5;0;5;12;0;0,0;0,0;3;12;0;0,0;0,0
0;1;2;1;1;0;1;4;0;0,0;0,0;3;4;0;0,0;0,0
0;1;2;1;1;0;4;20;0;0,0;0,0;3;20;0;0,0;0,0
0;2;2;0;4;1;8;15576;0;0,0;0,0;3;15576;0;0,0;0,0
0;2;2;0;5;1;1;16;0;0,0;0,0;3;16;0;0,0;0,0
0;2;2;0;5;1;2;45;0;0,0;0,0;3;45;0;0,0;0,0
0;2;2;0;5;1;4;15;0;0,0;0,0;3;15;0;0,0;0,0
0;2;2;0;5;1;5;20;0;0,0;0,0;3;20;0;0,0;0,0
0;2;2;0;5;1;8;43;0;0,0;0,0;3;43;0;0,0;0,0
0;2;2;1;1;0;1;456;0;0,0;0,0;3;456;0;0,0;0,0
0;2;2;1;1;0;4;11259;1;8,8817834621191926E-3;1,0;3;11259;0;0,0;0,0
0;2;2;1;1;0;5;1;0;0,0;0,0;3;1;0;0,0;0,0
0;2;2;1;1;1;1;27;0;0,0;0,0;3;27;0;0,0;0,0
0;2;2;1;1;1;4;36216;0;0,0;0,0;3;36216;0;0,0;0,0
0;2;2;1;1;1;6;54;0;0,0;0,0;3;54;0;0,0;0,0
0;2;2;1;2;0;1;133;0;0,0;0,0;3;133;0;0,0;0,0
0;2;2;1;2;0;4;46133;0;0,0;0,0;3;46085;0;0,0;0,0
0;2;2;1;2;0;4;46133;0;0,0;0,0;0;48;0;0,0;0,0
0;2;2;1;2;1;1;28;0;0,0;0,0;3;28;0;0,0;0,0
0;2;3;2;2;0;4;5;0;0,0;0,0;3;5;0;0,0;0,0
0;2;3;3;1;0;1;2;0;0,0;0,0;3;2;0;0,0;0,0
0;2;3;3;1;0;4;333;0;0,0;0,0;3;333;0;0,0;0,0
0;2;3;3;1;1;1;2;0;0,0;0,0;3;2;0;0,0;0,0
0;2;3;3;1;1;4;251;0;0,0;0,0;0;1;0;0,0;0,0
0;2;3;3;1;1;4;251;0;0,0;0,0;3;250;0;0,0;0,0
0;2;3;3;2;0;1;1;0;0,0;0,0;3;1;0;0,0;0,0
0;2;3;3;2;0;4;34;0;0,0;0,0;3;34;0;0,0;0,0
0;2;3;3;2;1;4;30;0;0,0;0,0;3;30;0;0,0;0,0
0;2;3;3;3;0;2;1;0;0,0;0,0;3;1;0;0,0;0,0
0;2;3;3;3;0;4;3;0;0,0;0,0;3;3;0;0,0;0,0
0;2;3;3;3;0;8;9;0;0,0;0,0;3;9;0;0,0;0,0
0;2;3;3;3;1;2;3;0;0,0;0,0;3;3;0;0,0;0,0
0;2;3;3;3;1;4;5;0;0,0;0,0;3;5;0;0,0;0,0
0;2;3;3;3;1;8;17;0;0,0;0,0;3;17;0;0,0;0,0
0;2;3;3;4;0;1;16;0;0,0;0,0;3;16;0;0,0;0,0
0;3;2;1;1;1;8;14;0;0,0;0,0;3;14;0;0,0;0,0
0;3;2;1;2;0;1;749;0;0,0;0,0;3;749;0;0,0;0,0
0;3;2;1;2;0;4;5668;0;0,0;0,0;3;5668;0;0,0;0,0
0;3;2;1;2;1;1;7;0;0,0;0,0;3;7;0;0,0;0,0
0;3;2;1;2;1;4;8239;0;0,0;0,0;3;8239;0;0,0;0,0
0;3;2;1;3;0;1;8;0;0,0;0,0;3;8;0;0,0;0,0
0;3;2;1;3;0;2;2875;0;0,0;0,0;3;2875;0;0,0;0,0
0;3;2;1;3;0;4;32;0;0,0;0,0;3;32;0;0,0;0,0
0;3;2;1;3;0;8;19555;1071;5,4768601380721043;1,0;0;608;0;0,0;0,0
0;3;2;1;3;0;8;19555;1071;5,4768601380721043;1,0;3;18947;0;0,0;0,0
0;3;2;1;3;1;2;168;0;0,0;0,0;3;168;0;0,0;0,0
0;3;2;1;3;1;4;42;0;0,0;0,0;3;42;0;0,0;0,0
0;3;2;1;3;1;8;47;0;0,0;0,0;3;47;0;0,0;0,0
0;3;2;1;4;0;1;20849;0;0,0;0,0;0;13;0;0,0;0,0
0;3;2;1;4;0;1;20849;0;0,0;0,0;3;20836;0;0,0;0,0
0;3;2;1;4;0;2;718;0;0,0;0,0;0;4;0;0,0;0,0
0;3;3;3;3;0;4;4;0;0,0;0,0;3;4;0;0,0;0,0
0;3;3;3;3;0;8;17;0;0,0;0,0;3;17;0;0,0;0,0
0;3;3;3;3;1;2;2;0;0,0;0,0;3;2;0;0,0;0,0
0;3;3;3;3;1;4;1;0;0,0;0,0;3;1;0;0,0;0,0
0;3;3;3;3;1;8;9;0;0,0;0,0;3;9;0;0,0;0,0
0;3;3;3;4;0;1;11;0;0,0;0,0;3;11;0;0,0;0,0
0;3;3;3;4;0;2;9;0;0,0;0,0;3;9;0;0,0;0,0
0;3;3;3;4;0;4;33;0;0,0;0,0;3;33;0;0,0;0,0
0;3;3;3;4;0;8;7;0;0,0;0,0;3;7;0;0,0;0,0
0;3;3;3;4;1;1;5;0;0,0;0,0;3;5;0;0,0;0,0
0;3;3;3;4;1;2;12;0;0,0;0,0;3;12;0;0,0;0,0
0;3;3;3;4;1;4;48;0;0,0;0,0;3;48;0;0,0;0,0
0;3;3;3;4;1;8;7;0;0,0;0,0;3;7;0;0,0;0,0
0;3;3;3;5;0;1;1;0;0,0;0,0;3;1;0;0,0;0,0
0;3;3;3;5;0;2;16;0;0,0;0,0;3;16;0;0,0;0,0
0;3;3;3;5;0;4;8;0;0,0;0,0;3;8;0;0,0;0,0
2;2;2;0;1;1;1;33;0;0,0;0,0;3;33;0;0,0;0,0
2;2;2;0;1;1;4;41;0;0,0;0,0;3;41;0;0,0;0,0
2;2;2;0;2;1;1;8;0;0,0;0,0;3;8;0;0,0;0,0
2;2;2;0;2;1;4;219;0;0,0;0,0;3;219;0;0,0;0,0
2;2;2;0;3;1;2;375;0;0,0;0,0;3;375;0;0,0;0,0
2;2;2;0;3;1;4;1;0;0,0;0,0;3;1;0;0,0;0,0
2;2;2;0;4;0;1;10;0;0,0;0,0;3;10;0;0,0;0,0
2;2;2;0;4;0;8;3;0;0,0;0,0;3;3;0;0,0;0,0
2;2;2;0;4;1;1;523;0;0,0;0,0;3;523;0;0,0;0,0
2;2;2;0;4;1;2;2;0;0,0;0,0;3;2;0;0,0;0,0
2;2;2;0;4;1;4;177;0;0,0;0,0;3;177;0;0,0;0,0
2;2;2;0;4;1;8;255;0;0,0;0,0;3;255;0;0,0;0,0
2;2;2;1;1;0;4;4;0;0,0;0,0;3;4;0;0,0;0,0
2;2;2;1;4;1;1;1;0;0,0;0,0;3;1;0;0,0;0,0
2;2;3;0;1;1;4;6;0;0,0;0,0;3;6;0;0,0;0,0
2;2;3;0;2;1;4;6;0;0,0;0,0;3;6;0;0,0;0,0
0;0;2;3;4;1;4;106;0;0,0;0,0;3;106;0;0,0;0,0
0;0;2;3;4;1;8;3;0;0,0;0,0;3;3;0;0,0;0,0
0;0;3;0;1;0;4;64;0;0,0;0,0;3;64;0;0,0;0,0
0;0;3;0;1;1;4;89;0;0,0;0,0;3;89;0;0,0;0,0
0;0;3;0;2;0;4;14;0;0,0;0,0;3;14;0;0,0;0,0
0;0;3;0;2;1;4;12;0;0,0;0,0;3;12;0;0,0;0,0
0;0;3;0;3;0;8;6118;747;12,209872507355344;1,0;3;6118;0;0,0;0,0
0;0;3;0;3;1;2;1;0;0,0;0,0;3;1;0;0,0;0,0
0;0;3;0;4;0;2;1;0;0,0;0,0;3;1;0;0,0;0,0
0;0;3;0;4;0;4;10;0;0,0;0,0;3;10;0;0,0;0,0
0;0;3;0;4;1;4;5;0;0,0;0,0;3;5;0;0,0;0,0
0;0;3;0;4;1;8;1;0;0,0;0,0;3;1;0;0,0;0,0
0;0;3;0;5;1;1;3;0;0,0;0,0;3;3;0;0,0;0,0
0;0;3;0;5;1;2;3;0;0,0;0,0;3;3;0;0,0;0,0
0;0;3;1;1;0;4;58;0;0,0;0,0;3;58;0;0,0;0,0
0;0;3;1;1;0;5;1;0;0,0;0,0;3;1;0;0,0;0,0
0;2;0;0;3;1;8;5;0;0,0;0,0;3;5;0;0,0;0,0
0;2;0;0;4;0;1;3;0;0,0;0,0;3;3;0;0,0;0,0
0;2;0;0;4;0;4;881;87;9,8751418842224741;1,0;3;881;0;0,0;0,0
0;2;0;0;4;1;1;142;0;0,0;0,0;3;142;0;0,0;0,0
0;2;0;0;4;1;4;855;0;0,0;0,0;3;855;0;0,0;0,0
0;2;0;0;4;1;8;79;0;0,0;0,0;3;79;0;0,0;0,0
0;2;0;0;5;1;5;3;0;0,0;0,0;3;3;0;0,0;0,0
0;2;0;1;1;0;1;1;0;0,0;0,0;3;1;0;0,0;0,0
0;2;0;1;1;0;4;72;0;0,0;0,0;3;72;0;0,0;0,0
0;2;0;1;1;1;4;223;0;0,0;0,0;3;223;0;0,0;0,0
0;2;0;1;2;0;1;2;0;0,0;0,0;3;2;0;0,0;0,0
0;2;0;1;2;0;4;784;0;0,0;0,0;3;784;0;0,0;0,0
0;2;0;1;2;1;4;250;0;0,0;0,0;3;250;0;0,0;0,0
0;2;0;1;2;1;6;4;0;0,0;0,0;3;4;0;0,0;0,0
0;2;0;1;3;0;2;238;0;0,0;0,0;3;238;0;0,0;0,0
0;2;0;1;3;0;4;3;0;0,0;0,0;3;3;0;0,0;0,0
0;2;2;3;3;1;2;107;0;0,0;0,0;3;107;0;0,0;0,0
0;2;2;3;3;1;4;26;0;0,0;0,0;3;26;0;0,0;0,0
0;2;2;3;3;1;8;32;0;0,0;0,0;3;32;0;0,0;0,0
0;2;2;3;4;0;1;685;0;0,0;0,0;3;685;0;0,0;0,0
0;2;2;3;4;0;4;2068;0;0,0;0,0;3;2068;0;0,0;0,0
0;2;2;3;4;0;8;821;0;0,0;0,0;3;821;0;0,0;0,0
0;2;2;3;4;1;1;573;0;0,0;0,0;3;573;0;0,0;0,0
0;2;2;3;4;1;4;3102;0;0,0;0,0;3;3102;0;0,0;0,0
0;2;2;3;4;1;8;175;0;0,0;0,0;3;175;0;0,0;0,0
0;2;2;3;5;0;2;20;0;0,0;0,0;3;20;0;0,0;0,0
0;2;2;3;5;1;2;24;0;0,0;0,0;3;24;0;0,0;0,0
0;2;2;3;5;1;5;85;0;0,0;0,0;3;85;0;0,0;0,0
0;2;3;0;1;0;4;325;0;0,0;0,0;3;325;0;0,0;0,0
0;2;3;0;1;0;5;1;0;0,0;0,0;3;1;0;0,0;0,0
0;2;3;0;1;1;1;1;0;0,0;0,0;3;1;0;0,0;0,0
0;2;3;0;1;1;4;283;0;0,0;0,0;3;283;0;0,0;0,0
0;3;0;0;4;0;1;5;0;0,0;0,0;3;5;0;0,0;0,0
0;3;0;0;4;0;2;3;0;0,0;0,0;3;3;0;0,0;0,0
0;3;0;0;4;0;4;14;0;0,0;0,0;3;14;0;0,0;0,0
0;3;0;0;4;1;1;140;0;0,0;0,0;3;140;0;0,0;0,0
0;3;0;0;4;1;4;1372;0;0,0;0,0;3;1372;0;0,0;0,0
0;3;0;0;4;1;8;31;0;0,0;0,0;3;31;0;0,0;0,0
0;3;0;1;1;0;4;30;0;0,0;0,0;3;30;0;0,0;0,0
0;3;0;1;1;1;4;3;0;0,0;0,0;3;3;0;0,0;0,0
0;3;0;1;2;0;1;7;0;0,0;0,0;3;7;0;0,0;0,0
0;3;0;1;2;0;4;37;0;0,0;0,0;3;37;0;0,0;0,0
0;3;0;1;2;1;4;1218;0;0,0;0,0;3;1218;0;0,0;0,0
0;3;0;1;3;0;1;1;0;0,0;0,0;3;1;0;0,0;0,0
0;3;0;1;3;0;2;26;0;0,0;0,0;3;26;0;0,0;0,0
0;3;0;1;3;0;8;605;125;20,66115702479339;1,0;3;601;0;0,0;0,0
0;3;0;1;3;0;8;605;125;20,66115702479339;1,0;0;4;0;0,0;0,0
0;3;0;1;3;1;2;9;0;0,0;0,0;3;9;0;0,0;0,0
0;3;3;0;4;1;1;59;0;0,0;0,0;3;59;0;0,0;0,0
0;3;3;0;4;1;2;25;0;0,0;0,0;3;25;0;0,0;0,0
0;3;3;0;4;1;4;661;0;0,0;0,0;3;661;0;0,0;0,0
0;3;3;0;4;1;8;61;0;0,0;0,0;3;61;0;0,0;0,0
0;3;3;0;5;0;2;1;0;0,0;0,0;3;1;0;0,0;0,0
0;3;3;0;5;0;8;2;0;0,0;0,0;3;2;0;0,0;0,0
0;3;3;0;5;1;1;13;0;0,0;0,0;3;13;0;0,0;0,0
0;3;3;0;5;1;2;8;0;0,0;0,0;3;8;0;0,0;0,0
0;3;3;0;5;1;4;4;0;0,0;0,0;3;4;0;0,0;0,0
0;3;3;0;5;1;5;10;0;0,0;0,0;3;10;0;0,0;0,0
0;3;3;0;5;1;8;3;0;0,0;0,0;3;3;0;0,0;0,0
0;3;3;1;1;0;1;2;0;0,0;0,0;3;2;0;0,0;0,0
0;3;3;1;1;0;4;633;0;0,0;0,0;3;633;0;0,0;0,0
0;3;3;1;1;0;5;22;0;0,0;0,0;3;22;0;0,0;0,0
0;3;3;1;1;0;8;101;0;0,0;0,0;3;101;0;0,0;0,0
0;3;3;1;1;1;4;613;0;0,0;0,0;3;613;0;0,0;0,0
0;3;5;1;3;0;2;1;0;0,0;0,0;3;1;0;0,0;0,0
0;3;5;1;3;0;8;204;43;21,078431372549019;1,0;0;17;0;0,0;0,0
0;3;5;1;3;0;8;204;43;21,078431372549019;1,0;3;187;0;0,0;0,0
0;3;5;1;3;1;8;2;0;0,0;0,0;3;2;0;0,0;0,0
0;3;5;1;4;0;1;234;1;0,42735042735042739;1,0;3;234;0;0,0;0,0
0;3;5;1;4;0;4;712;0;0,0;0,0;3;712;0;0,0;0,0
0;3;5;1;4;1;1;2;0;0,0;0,0;3;2;0;0,0;0,0
0;3;5;1;4;1;4;8;0;0,0;0,0;3;8;0;0,0;0,0
0;3;5;3;1;0;4;4;0;0,0;0,0;3;4;0;0,0;0,0
0;3;5;3;4;1;4;1;0;0,0;0,0;3;1;0;0,0;0,0
1;0;2;1;1;0;1;4;0;0,0;0,0;3;4;0;0,0;0,0
1;0;4;1;3;0;8;47;47;100,0;0;3;47;0;0,0;0,0
1;1;0;0;4;1;4;2;0;0,0;0,0;3;2;0;0,0;0,0
1;1;2;0;4;1;4;104;0;0,0;0,0;3;104;0;0,0;0,0
1;1;2;1;3;0;8;2;0;0,0;0,0;3;2;0;0,0;0,0
1;1;5;1;3;0;8;2;0;0,0;0,0;3;2;0;0,0;0,0
2;3;2;0;3;1;2;255;0;0,0;0,0;3;255;0;0,0;0,0
2;3;2;0;3;1;4;6;0;0,0;0,0;3;6;0;0,0;0,0
2;3;2;0;4;1;1;775;0;0,0;0,0;3;775;0;0,0;0,0
2;3;2;0;4;1;4;13000;0;0,0;0,0;3;12986;0;0,0;0,0
2;3;2;0;4;1;4;13000;0;0,0;0,0;0;14;0;0,0;0,0
2;3;2;0;4;1;8;279;0;0,0;0,0;3;279;0;0,0;0,0
2;3;2;1;1;0;4;6833;0;0,0;0,0;3;6833;0;0,0;0,0
2;3;2;1;2;0;4;1015;0;0,0;0,0;3;1015;0;0,0;0,0
2;3;2;1;4;0;1;4946;0;0,0;0,0;3;4946;0;0,0;0,0
2;3;2;1;4;0;4;7243;0;0,0;0,0;3;7243;0;0,0;0,0
2;3;3;0;1;1;4;5;0;0,0;0,0;3;5;0;0,0;0,0
2;3;3;0;2;1;1;1;0;0,0;0,0;3;1;0;0,0;0,0
2;3;3;0;2;1;4;54;0;0,0;0,0;3;54;0;0,0;0,0
2;3;3;0;3;1;2;17;0;0,0;0,0;3;17;0;0,0;0,0
2;3;3;0;3;1;8;6;0;0,0;0,0;3;6;0;0,0;0,0
2;3;3;0;4;1;1;24;0;0,0;0,0;3;24;0;0,0;0,0
0;0;2;1;2;1;4;1038;0;0,0;0,0;3;1038;0;0,0;0,0
0;0;2;1;3;0;1;3;0;0,0;0,0;3;3;0;0,0;0,0
0;0;2;1;3;0;2;157;0;0,0;0,0;3;157;0;0,0;0,0
0;0;2;1;3;0;4;2;0;0,0;0,0;3;2;0;0,0;0,0
0;0;2;1;3;0;8;5490;290;5,2823315118397085;1,0;3;5381;0;0,0;0,0
0;0;2;1;3;0;8;5490;290;5,2823315118397085;1,0;0;109;0;0,0;0,0
0;0;2;1;3;1;2;7;0;0,0;0,0;3;7;0;0,0;0,0
0;0;2;1;3;1;8;7;0;0,0;0,0;3;7;0;0,0;0,0
0;0;2;1;4;0;1;4041;0;0,0;0,0;3;4039;0;0,0;0,0
0;0;2;1;4;0;1;4041;0;0,0;0,0;0;2;0;0,0;0,0
0;0;2;1;4;0;2;43;0;0,0;0,0;3;43;0;0,0;0,0
0;0;2;1;4;0;4;20732;8;3,8587690526721972E-2;1,0;0;37;0;0,0;0,0
0;0;2;1;4;0;4;20732;8;3,8587690526721972E-2;1,0;3;20695;0;0,0;0,0
0;0;2;1;4;0;8;2273;0;0,0;0,0;3;2273;0;0,0;0,0
0;0;2;1;4;1;1;36;0;0,0;0,0;3;36;0;0,0;0,0
0;0;2;1;4;1;4;170;0;0,0;0,0;3;170;0;0,0;0,0
0;1;2;1;4;1;8;67;0;0,0;0,0;3;67;0;0,0;0,0
0;1;2;1;5;0;1;70;0;0,0;0,0;3;70;0;0,0;0,0
0;1;3;0;1;1;4;6;0;0,0;0,0;3;6;0;0,0;0,0
0;1;3;0;2;1;4;1;0;0,0;0,0;3;1;0;0,0;0,0
0;1;3;0;3;0;8;1;0;0,0;0,0;3;1;0;0,0;0,0
0;1;3;1;1;0;4;9;0;0,0;0,0;3;9;0;0,0;0,0
0;1;3;1;1;1;4;56;0;0,0;0,0;3;56;0;0,0;0,0
0;1;3;1;2;0;4;10;0;0,0;0,0;3;10;0;0,0;0,0
0;1;3;1;3;0;2;6;0;0,0;0,0;3;6;0;0,0;0,0
0;1;3;1;3;0;8;4;0;0,0;0,0;3;4;0;0,0;0,0
0;1;3;1;3;1;2;1;0;0,0;0,0;3;1;0;0,0;0,0
0;1;3;1;4;0;1;1;0;0,0;0,0;3;1;0;0,0;0,0
0;1;3;1;4;0;4;2;0;0,0;0,0;3;2;0;0,0;0,0
0;1;3;1;4;1;1;22;0;0,0;0,0;3;22;0;0,0;0,0
0;1;3;1;4;1;8;2;0;0,0;0,0;3;2;0;0,0;0,0
0;1;4;1;3;0;2;3;3;100,0;0;3;3;0;0,0;0,0
0;2;2;1;4;1;1;1765;0;0,0;0,0;3;1765;0;0,0;0,0
0;2;2;1;4;1;3;25;0;0,0;0,0;3;25;0;0,0;0,0
0;2;2;1;4;1;4;11201;0;0,0;0,0;3;11201;0;0,0;0,0
0;2;2;1;4;1;6;179;0;0,0;0,0;3;179;0;0,0;0,0
0;2;2;1;4;1;8;2238;0;0,0;0,0;3;2238;0;0,0;0,0
0;2;2;1;5;0;1;35;0;0,0;0,0;3;35;0;0,0;0,0
0;2;2;1;5;0;2;2112;0;0,0;0,0;3;2112;0;0,0;0,0
0;2;2;1;5;0;4;111;0;0,0;0,0;3;111;0;0,0;0,0
0;2;2;1;5;0;5;115;0;0,0;0,0;3;115;0;0,0;0,0
0;2;2;1;5;1;2;261;0;0,0;0,0;3;261;0;0,0;0,0
0;2;2;1;5;1;4;81;0;0,0;0,0;3;81;0;0,0;0,0
0;2;2;2;1;0;4;19;0;0,0;0,0;3;19;0;0,0;0,0
0;2;2;2;1;1;4;6;0;0,0;0,0;3;6;0;0,0;0,0
0;2;2;2;2;0;4;10;0;0,0;0,0;3;10;0;0,0;0,0
0;2;2;2;2;1;4;12;0;0,0;0,0;3;12;0;0,0;0,0
0;2;2;2;3;0;2;2;0;0,0;0,0;3;2;0;0,0;0,0
0;2;4;0;3;0;8;1;0;0,0;0,0;3;1;0;0,0;0,0
0;2;4;0;4;0;4;83;82;98,795180722891558;0;3;83;0;0,0;0,0
0;2;4;0;4;1;4;520;0;0,0;0,0;3;520;0;0,0;0,0
0;2;4;1;3;0;2;84;84;100,0;0;3;84;0;0,0;0,0
0;2;4;1;3;0;8;16;16;100,0;0;3;16;0;0,0;0,0
0;2;4;1;4;0;1;5;5;100,0;0;3;5;0;0,0;0,0
0;2;4;1;4;0;4;4;3;75,0;1,0;3;4;0;0,0;0,0
0;2;4;1;4;1;4;1;1;100,0;0;3;1;0;0,0;0,0
0;2;5;0;2;1;4;23;0;0,0;0,0;3;23;0;0,0;0,0
0;2;5;0;3;0;8;3;0;0,0;0,0;3;3;0;0,0;0,0
0;2;5;0;3;1;2;2;0;0,0;0,0;3;2;0;0,0;0,0
0;2;5;0;4;0;4;1;0;0,0;0,0;3;1;0;0,0;0,0
0;2;5;0;4;1;1;12;0;0,0;0,0;3;12;0;0,0;0,0
0;2;5;0;4;1;4;209;0;0,0;0,0;3;209;0;0,0;0,0
0;2;5;1;1;0;4;8;0;0,0;0,0;3;8;0;0,0;0,0
0;2;5;1;1;0;8;1;1;100,0;0;3;1;0;0,0;0,0
0;3;2;3;1;0;1;3;0;0,0;0,0;3;3;0;0,0;0,0
0;3;2;3;1;0;4;36;0;0,0;0,0;3;36;0;0,0;0,0
0;3;2;3;1;0;8;1;0;0,0;0,0;3;1;0;0,0;0,0
0;3;2;3;1;1;1;3;0;0,0;0,0;3;3;0;0,0;0,0
0;3;2;3;1;1;4;20;0;0,0;0,0;3;20;0;0,0;0,0
0;3;2;3;2;0;4;60;0;0,0;0,0;3;60;0;0,0;0,0
0;3;2;3;2;1;4;114;0;0,0;0,0;3;114;0;0,0;0,0
0;3;2;3;3;0;2;38;0;0,0;0,0;3;38;0;0,0;0,0
0;3;2;3;3;1;2;21;0;0,0;0,0;3;21;0;0,0;0,0
0;3;2;3;3;1;4;2;0;0,0;0,0;3;2;0;0,0;0,0
0;3;2;3;3;1;8;459;0;0,0;0,0;3;459;0;0,0;0,0
0;3;2;3;4;0;1;50;0;0,0;0,0;3;50;0;0,0;0,0
0;3;2;3;4;0;4;906;0;0,0;0,0;3;906;0;0,0;0,0
0;3;2;3;4;0;8;27;0;0,0;0,0;3;27;0;0,0;0,0
0;3;2;3;4;1;1;77;0;0,0;0,0;3;77;0;0,0;0,0
0;3;2;3;4;1;4;1297;0;0,0;0,0;3;1297;0;0,0;0,0
1;2;2;1;1;0;1;106;0;0,0;0,0;3;106;0;0,0;0,0
1;2;2;1;3;0;2;8;0;0,0;0,0;3;8;0;0,0;0,0
1;2;2;1;3;0;8;18;0;0,0;0,0;3;18;0;0,0;0,0
1;2;3;1;3;0;8;1;0;0,0;0,0;3;1;0;0,0;0,0
1;2;4;1;3;0;8;689;688;99,854862119013063;0;0;4;0;0,0;0,0
1;2;4;1;3;0;8;689;688;99,854862119013063;0;3;685;0;0,0;0,0
1;3;0;1;3;0;8;1;1;100,0;0;3;1;0;0,0;0,0
1;3;2;1;1;0;1;77;0;0,0;0,0;3;77;0;0,0;0,0
1;3;2;1;1;0;8;3;0;0,0;0,0;3;3;0;0,0;0,0
1;3;2;1;2;0;4;2;0;0,0;0,0;3;2;0;0,0;0,0
1;3;2;1;3;0;2;4;0;0,0;0,0;3;4;0;0,0;0,0
1;3;2;1;3;0;3;1;0;0,0;0,0;3;1;0;0,0;0,0
1;3;2;1;3;0;8;48;0;0,0;0,0;3;48;0;0,0;0,0
1;3;2;1;4;0;1;1;0;0,0;0,0;3;1;0;0,0;0,0
1;3;3;1;1;0;1;3;0;0,0;0,0;3;3;0;0,0;0,0
1;3;3;1;2;0;4;1;0;0,0;0,0;3;1;0;0,0;0,0
0;0;2;0;4;0;4;167;5;2,9940119760479043;1,0;3;167;0;0,0;0,0
0;0;2;0;4;0;8;9;0;0,0;0,0;3;9;0;0,0;0,0
0;0;2;0;4;1;1;306;0;0,0;0,0;3;306;0;0,0;0,0
0;0;2;0;4;1;4;1978;0;0,0;0,0;3;1978;0;0,0;0,0
0;0;2;0;4;1;8;176;0;0,0;0,0;3;176;0;0,0;0,0
0;0;2;0;5;1;1;16;0;0,0;0,0;3;16;0;0,0;0,0
0;0;2;0;5;1;5;16;0;0,0;0,0;3;16;0;0,0;0,0
0;0;2;1;1;0;1;6;0;0,0;0,0;3;6;0;0,0;0,0
0;0;2;1;1;0;4;567;51;8,9947089947089935;1,0;3;567;0;0,0;0,0
0;0;2;1;1;0;8;3;0;0,0;0,0;3;3;0;0,0;0,0
0;0;2;1;1;1;4;12;0;0,0;0,0;3;12;0;0,0;0,0
0;0;2;1;1;1;8;1;0;0,0;0,0;3;1;0;0,0;0,0
0;0;2;1;2;0;1;44;0;0,0;0,0;3;44;0;0,0;0,0
0;0;2;1;2;0;4;382;0;0,0;0,0;0;2;0;0,0;0,0
0;0;2;1;2;0;4;382;0;0,0;0,0;3;380;0;0,0;0,0
0;0;2;1;2;1;1;2;0;0,0;0,0;3;2;0;0,0;0,0
0;1;2;1;1;1;1;19;0;0,0;0,0;3;19;0;0,0;0,0
0;1;2;1;1;1;4;122;0;0,0;0,0;3;122;0;0,0;0,0
0;1;2;1;2;0;1;1;0;0,0;0,0;3;1;0;0,0;0,0
0;1;2;1;2;0;4;24;0;0,0;0,0;3;24;0;0,0;0,0
0;1;2;1;2;1;1;11;0;0,0;0,0;3;11;0;0,0;0,0
0;1;2;1;2;1;4;3;0;0,0;0,0;3;3;0;0,0;0,0
0;1;2;1;3;0;2;94;0;0,0;0,0;3;94;0;0,0;0,0
0;1;2;1;3;0;8;5;0;0,0;0,0;3;5;0;0,0;0,0
0;1;2;1;3;1;2;6;0;0,0;0,0;3;6;0;0,0;0,0
0;1;2;1;3;1;8;3;0;0,0;0,0;3;3;0;0,0;0,0
0;1;2;1;4;0;1;116;0;0,0;0,0;3;116;0;0,0;0,0
0;1;2;1;4;0;4;13;0;0,0;0,0;3;13;0;0,0;0,0
0;1;2;1;4;0;8;186;0;0,0;0,0;3;186;0;0,0;0,0
0;1;2;1;4;1;1;355;1;0,28169014084507044;1,0;0;1;0;0,0;0,0
0;1;2;1;4;1;1;355;1;0,28169014084507044;1,0;3;354;0;0,0;0,0
0;1;2;1;4;1;4;88;0;0,0;0,0;3;88;0;0,0;0,0
0;2;2;1;2;1;4;6937;0;0,0;0,0;3;6937;0;0,0;0,0
0;2;2;1;2;1;6;31;0;0,0;0,0;3;31;0;0,0;0,0
0;2;2;1;3;0;2;11974;0;0,0;0,0;3;11974;0;0,0;0,0
0;2;2;1;3;0;4;13;0;0,0;0,0;3;13;0;0,0;0,0
0;2;2;1;3;0;8;835267;9;1,0774997695347714E-3;1,0;0;607;0;0,0;0,0
0;2;2;1;3;0;8;835267;9;1,0774997695347714E-3;1,0;3;834660;0;0,0;0,0
0;2;2;1;3;1;2;3490;0;0,0;0,0;3;3490;0;0,0;0,0
0;2;2;1;3;1;4;2;0;0,0;0,0;3;2;0;0,0;0,0
0;2;2;1;3;1;8;45;0;0,0;0,0;3;45;0;0,0;0,0
0;2;2;1;4;0;1;62405;0;0,0;0,0;0;15;0;0,0;0,0
0;2;2;1;4;0;1;62405;0;0,0;0,0;3;62390;0;0,0;0,0
0;2;2;1;4;0;2;31;0;0,0;0,0;3;31;0;0,0;0,0
0;2;2;1;4;0;4;45842;95;0,20723354129400987;1,0;0;69;0;0,0;0,0
0;2;2;1;4;0;4;45842;95;0,20723354129400987;1,0;3;45773;0;0,0;0,0
0;2;2;1;4;0;6;294;0;0,0;0,0;3;294;0;0,0;0,0
0;2;2;1;4;0;8;6200;0;0,0;0,0;3;6200;0;0,0;0,0
0;2;3;3;4;0;2;11;0;0,0;0,0;3;11;0;0,0;0,0
0;2;3;3;4;0;4;58;0;0,0;0,0;3;58;0;0,0;0,0
0;2;3;3;4;0;8;5;0;0,0;0,0;3;5;0;0,0;0,0
0;2;3;3;4;1;1;8;0;0,0;0,0;3;8;0;0,0;0,0
0;2;3;3;4;1;2;11;0;0,0;0,0;3;11;0;0,0;0,0
0;2;3;3;4;1;4;72;0;0,0;0,0;3;72;0;0,0;0,0
0;2;3;3;4;1;8;3;0;0,0;0,0;3;3;0;0,0;0,0
0;2;3;3;5;0;1;1;0;0,0;0,0;3;1;0;0,0;0,0
0;2;3;3;5;0;2;7;0;0,0;0,0;3;7;0;0,0;0,0
0;2;3;3;5;0;4;3;0;0,0;0,0;3;3;0;0,0;0,0
0;2;3;3;5;0;5;2;0;0,0;0,0;3;2;0;0,0;0,0
0;2;3;3;5;1;1;2;0;0,0;0,0;3;2;0;0,0;0,0
0;2;3;3;5;1;2;3;0;0,0;0,0;3;3;0;0,0;0,0
0;2;3;3;5;1;4;2;0;0,0;0,0;3;2;0;0,0;0,0
0;2;3;3;5;1;5;6;0;0,0;0,0;3;6;0;0,0;0,0
0;2;4;0;2;1;4;5;0;0,0;0,0;3;5;0;0,0;0,0
0;3;2;1;4;0;2;718;0;0,0;0,0;3;714;0;0,0;0,0
0;3;2;1;4;0;4;123247;0;0,0;0,0;0;339;0;0,0;0,0
0;3;2;1;4;0;4;123247;0;0,0;0,0;3;122908;0;0,0;0,0
0;3;2;1;4;0;8;12168;0;0,0;0,0;3;12168;0;0,0;0,0
0;3;2;1;4;1;1;1396;0;0,0;0,0;3;1396;0;0,0;0,0
0;3;2;1;4;1;4;7513;0;0,0;0,0;3;7513;0;0,0;0,0
0;3;2;1;4;1;8;200;0;0,0;0,0;3;200;0;0,0;0,0
0;3;2;1;5;1;4;1;0;0,0;0,0;3;1;0;0,0;0,0
0;3;2;1;5;1;8;6;0;0,0;0,0;3;6;0;0,0;0,0
0;3;2;2;2;0;4;1;0;0,0;0,0;3;1;0;0,0;0,0
0;3;2;2;2;1;4;1;0;0,0;0,0;3;1;0;0,0;0,0
0;3;2;2;4;0;1;2;0;0,0;0,0;3;2;0;0,0;0,0
0;3;2;2;4;0;4;11;0;0,0;0,0;3;11;0;0,0;0,0
0;3;2;2;4;0;8;2;0;0,0;0,0;3;2;0;0,0;0,0
0;3;2;2;4;1;4;11;0;0,0;0,0;3;11;0;0,0;0,0
0;3;2;2;5;0;4;1;0;0,0;0,0;3;1;0;0,0;0,0
0;3;3;3;5;0;5;5;0;0,0;0,0;3;5;0;0,0;0,0
0;3;3;3;5;1;1;2;0;0,0;0,0;3;2;0;0,0;0,0
0;3;3;3;5;1;4;6;0;0,0;0,0;3;6;0;0,0;0,0
0;3;3;3;5;1;5;19;0;0,0;0,0;3;19;0;0,0;0,0
0;3;4;0;2;1;4;2;0;0,0;0,0;3;2;0;0,0;0,0
0;3;4;0;3;0;8;488;487;99,795081967213122;0;3;488;0;0,0;0,0
0;3;4;0;3;1;2;5;0;0,0;0,0;3;5;0;0,0;0,0
0;3;4;0;4;0;2;2;0;0,0;0,0;3;2;0;0,0;0,0
0;3;4;0;4;0;4;12;0;0,0;0,0;3;12;0;0,0;0,0
0;3;4;0;4;1;1;2;0;0,0;0,0;3;2;0;0,0;0,0
0;3;4;0;4;1;4;62;0;0,0;0,0;3;62;0;0,0;0,0
0;3;4;1;3;0;2;9;9;100,0;0;3;9;0;0,0;0,0
0;3;4;1;3;0;8;118;97;82,203389830508485;0;3;118;0;0,0;0,0
0;3;4;1;3;1;8;2;2;100,0;0;3;2;0;0,0;0,0
0;3;4;1;4;0;1;51;51;100,0;0;3;51;0;0,0;0,0
0;3;4;1;4;0;8;2;0;0,0;0,0;3;2;0;0,0;0,0
2;2;3;0;3;1;2;9;0;0,0;0,0;3;9;0;0,0;0,0
2;2;3;0;3;1;8;9;0;0,0;0,0;3;9;0;0,0;0,0
2;2;3;0;4;1;1;21;0;0,0;0,0;3;21;0;0,0;0,0
2;2;3;0;4;1;8;6;0;0,0;0,0;3;6;0;0,0;0,0
2;2;4;0;1;1;1;10;0;0,0;0,0;3;10;0;0,0;0,0
2;2;4;0;1;1;4;10;0;0,0;0,0;3;10;0;0,0;0,0
2;2;4;0;2;1;1;4;0;0,0;0,0;3;4;0;0,0;0,0
2;2;4;0;2;1;4;108;0;0,0;0,0;3;108;0;0,0;0,0
2;2;4;0;4;0;8;4;0;0,0;0,0;3;4;0;0,0;0,0
2;2;4;0;4;1;1;192;0;0,0;0,0;3;192;0;0,0;0,0
2;2;4;0;4;1;4;20;0;0,0;0,0;3;20;0;0,0;0,0
2;2;4;0;4;1;8;100;0;0,0;0,0;3;100;0;0,0;0,0
2;2;5;0;1;1;1;10;0;0,0;0,0;3;10;0;0,0;0,0
2;2;5;0;1;1;4;9;0;0,0;0,0;3;9;0;0,0;0,0
2;2;5;0;2;1;1;1;0;0,0;0,0;3;1;0;0,0;0,0
2;2;5;0;2;1;4;70;0;0,0;0,0;3;70;0;0,0;0,0
0;0;2;1;4;1;8;9;0;0,0;0,0;3;9;0;0,0;0,0
0;0;2;2;1;0;4;2;0;0,0;0,0;3;2;0;0,0;0,0
0;0;2;2;2;1;4;1;0;0,0;0,0;3;1;0;0,0;0,0
0;0;2;2;4;0;1;1;0;0,0;0,0;3;1;0;0,0;0,0
0;0;2;2;4;0;4;4;0;0,0;0,0;3;4;0;0,0;0,0
0;0;2;2;4;1;4;2;0;0,0;0,0;3;2;0;0,0;0,0
0;0;2;3;1;0;4;6;0;0,0;0,0;3;6;0;0,0;0,0
0;0;2;3;1;1;4;1;0;0,0;0,0;3;1;0;0,0;0,0
0;0;2;3;2;0;4;5;0;0,0;0,0;3;5;0;0,0;0,0
0;0;2;3;2;1;4;13;0;0,0;0,0;3;13;0;0,0;0,0
0;0;2;3;3;1;2;1;0;0,0;0,0;3;1;0;0,0;0,0
0;0;2;3;3;1;8;24;0;0,0;0,0;3;24;0;0,0;0,0
0;0;2;3;4;0;1;8;0;0,0;0,0;3;8;0;0,0;0,0
0;0;2;3;4;0;4;75;0;0,0;0,0;3;75;0;0,0;0,0
0;0;2;3;4;0;8;1;0;0,0;0,0;3;1;0;0,0;0,0
0;0;2;3;4;1;1;2;0;0,0;0,0;3;2;0;0,0;0,0
0;1;5;0;2;1;4;10;0;0,0;0,0;3;10;0;0,0;0,0
0;1;5;0;4;0;4;4;0;0,0;0,0;3;4;0;0,0;0,0
0;1;5;0;4;0;8;2;0;0,0;0,0;3;2;0;0,0;0,0
0;1;5;0;4;1;1;68;0;0,0;0,0;3;68;0;0,0;0,0
0;1;5;0;4;1;4;137;0;0,0;0,0;3;137;0;0,0;0,0
0;1;5;0;4;1;8;25;0;0,0;0,0;3;25;0;0,0;0,0
0;1;5;1;2;0;4;4;0;0,0;0,0;3;4;0;0,0;0,0
0;1;5;1;3;0;8;27;0;0,0;0,0;3;27;0;0,0;0,0
0;1;5;1;4;0;4;1;0;0,0;0,0;3;1;0;0,0;0,0
0;1;5;1;4;1;4;2;0;0,0;0,0;3;2;0;0,0;0,0
0;2;0;0;1;0;4;1;0;0,0;0,0;3;1;0;0,0;0,0
0;2;0;0;1;1;1;1;0;0,0;0,0;3;1;0;0,0;0,0
0;2;0;0;1;1;4;19;0;0,0;0,0;3;19;0;0,0;0,0
0;2;0;0;2;1;4;71;0;0,0;0,0;3;71;0;0,0;0,0
0;2;0;0;3;0;8;29;3;10,344827586206897;1,0;3;29;0;0,0;0,0
0;2;0;0;3;1;2;133;0;0,0;0,0;3;133;0;0,0;0,0
0;2;2;2;4;0;1;11;0;0,0;0,0;3;11;0;0,0;0,0
0;2;2;2;4;0;4;88;0;0,0;0,0;3;88;0;0,0;0,0
0;2;2;2;4;0;8;6;0;0,0;0,0;3;6;0;0,0;0,0
0;2;2;2;4;1;1;5;0;0,0;0,0;3;5;0;0,0;0,0
0;2;2;2;4;1;4;52;0;0,0;0,0;3;52;0;0,0;0,0
0;2;2;2;4;1;8;2;0;0,0;0,0;3;2;0;0,0;0,0
0;2;2;3;1;0;1;53;0;0,0;0,0;3;53;0;0,0;0,0
0;2;2;3;1;0;4;86;0;0,0;0,0;3;86;0;0,0;0,0
0;2;2;3;1;1;1;6;0;0,0;0,0;3;6;0;0,0;0,0
0;2;2;3;1;1;4;855;0;0,0;0,0;3;855;0;0,0;0,0
0;2;2;3;2;0;1;1;0;0,0;0,0;3;1;0;0,0;0,0
0;2;2;3;2;0;4;69;0;0,0;0,0;3;69;0;0,0;0,0
0;2;2;3;2;1;4;653;0;0,0;0,0;3;653;0;0,0;0,0
0;2;2;3;3;0;2;594;0;0,0;0,0;3;594;0;0,0;0,0
0;2;2;3;3;0;4;1;0;0,0;0,0;3;1;0;0,0;0,0
0;2;2;3;3;0;8;28;0;0,0;0,0;3;28;0;0,0;0,0
0;2;5;1;1;1;4;1;1;100,0;0;3;1;0;0,0;0,0
0;2;5;1;3;0;8;32;0;0,0;0,0;3;32;0;0,0;0,0
0;2;5;1;4;0;1;57;0;0,0;0,0;3;57;0;0,0;0,0
0;2;5;1;4;0;4;5;0;0,0;0,0;3;5;0;0,0;0,0
0;2;5;1;4;0;8;15;0;0,0;0,0;3;15;0;0,0;0,0
0;2;5;1;4;1;4;5;0;0,0;0,0;3;5;0;0,0;0,0
0;2;5;1;4;1;8;5;0;0,0;0,0;3;5;0;0,0;0,0
0;3;0;0;1;1;1;5;0;0,0;0,0;3;5;0;0,0;0,0
0;3;0;0;1;1;4;27;0;0,0;0,0;3;27;0;0,0;0,0
0;3;0;0;2;0;4;5;0;0,0;0,0;3;5;0;0,0;0,0
0;3;0;0;2;1;1;4;0;0,0;0,0;3;4;0;0,0;0,0
0;3;0;0;2;1;4;80;0;0,0;0,0;3;80;0;0,0;0,0
0;3;0;0;3;0;2;1;0;0,0;0,0;3;1;0;0,0;0,0
0;3;0;0;3;0;8;10812;121;1,1191268960414356;1,0;3;10812;0;0,0;0,0
0;3;0;0;3;1;2;33;0;0,0;0,0;3;33;0;0,0;0,0
0;3;0;0;3;1;4;2;0;0,0;0,0;3;2;0;0,0;0,0
0;3;2;3;4;1;8;43;0;0,0;0,0;3;43;0;0,0;0,0
0;3;3;0;1;0;4;242;0;0,0;0,0;3;242;0;0,0;0,0
0;3;3;0;1;1;4;1082;0;0,0;0,0;3;1082;0;0,0;0,0
0;3;3;0;1;1;8;1;0;0,0;0,0;3;1;0;0,0;0,0
0;3;3;0;2;0;4;18;0;0,0;0,0;3;18;0;0,0;0,0
0;3;3;0;2;1;1;1;0;0,0;0,0;3;1;0;0,0;0,0
0;3;3;0;2;1;4;668;0;0,0;0,0;3;668;0;0,0;0,0
0;3;3;0;3;0;4;2;0;0,0;0,0;3;2;0;0,0;0,0
0;3;3;0;3;0;8;36677;3463;9,4418845598058727;1,0;3;36677;0;0,0;0,0
0;3;3;0;3;1;2;67;0;0,0;0,0;3;67;0;0,0;0,0
0;3;3;0;3;1;4;1;0;0,0;0,0;3;1;0;0,0;0,0
0;3;3;0;3;1;8;131;0;0,0;0,0;3;131;0;0,0;0,0
0;3;3;0;4;0;1;2;0;0,0;0,0;3;2;0;0,0;0,0
0;3;3;0;4;0;2;9;0;0,0;0,0;3;9;0;0,0;0,0
0;3;3;0;4;0;4;105;0;0,0;0,0;3;105;0;0,0;0,0
0;3;3;0;4;0;8;5;0;0,0;0,0;3;5;0;0,0;0,0
0;3;4;1;4;1;1;1;1;100,0;0;3;1;0;0,0;0,0
0;3;5;0;1;1;4;26;0;0,0;0,0;3;26;0;0,0;0,0
0;3;5;0;2;1;4;189;0;0,0;0,0;3;189;0;0,0;0,0
0;3;5;0;3;0;8;359;26;7,2423398328690807;1,0;3;359;0;0,0;0,0
0;3;5;0;3;1;2;5;0;0,0;0,0;3;5;0;0,0;0,0
0;3;5;0;4;0;1;3;0;0,0;0,0;3;3;0;0,0;0,0
0;3;5;0;4;0;2;30;0;0,0;0,0;3;30;0;0,0;0,0
0;3;5;0;4;0;4;2;0;0,0;0,0;3;2;0;0,0;0,0
0;3;5;0;4;1;1;83;0;0,0;0,0;3;83;0;0,0;0,0
0;3;5;0;4;1;4;266;0;0,0;0,0;3;266;0;0,0;0,0
0;3;5;0;4;1;8;25;0;0,0;0,0;3;25;0;0,0;0,0
0;3;5;1;1;0;4;34;0;0,0;0,0;3;34;0;0,0;0,0
0;3;5;1;1;0;8;2;2;100,0;0;3;2;0;0,0;0,0
0;3;5;1;1;1;1;1;0;0,0;0,0;3;1;0;0,0;0,0
0;3;5;1;1;1;4;1;0;0,0;0,0;3;1;0;0,0;0,0
0;3;5;1;2;1;4;7;0;0,0;0,0;3;7;0;0,0;0,0
2;2;5;0;3;1;2;257;0;0,0;0,0;3;257;0;0,0;0,0
2;2;5;0;4;0;1;8;0;0,0;0,0;3;8;0;0,0;0,0
2;2;5;0;4;0;8;2;0;0,0;0,0;3;2;0;0,0;0,0
2;2;5;0;4;1;1;174;0;0,0;0,0;3;174;0;0,0;0,0
2;2;5;0;4;1;4;76;0;0,0;0,0;3;76;0;0,0;0,0
2;2;5;0;4;1;8;82;0;0,0;0,0;3;82;0;0,0;0,0
2;3;0;0;4;1;1;1;0;0,0;0,0;3;1;0;0,0;0,0
2;3;0;0;4;1;4;4;0;0,0;0,0;3;4;0;0,0;0,0
2;3;0;0;4;1;8;1;0;0,0;0,0;3;1;0;0,0;0,0
2;3;2;0;1;0;4;1324;556;41,993957703927492;1,0;3;1324;0;0,0;0,0
2;3;2;0;1;1;1;18;0;0,0;0,0;3;18;0;0,0;0,0
2;3;2;0;1;1;4;436;177;40,596330275229356;1,0;3;436;0;0,0;0,0
2;3;2;0;2;0;4;2;0;0,0;0,0;3;2;0;0,0;0,0
2;3;2;0;2;1;1;14;0;0,0;0,0;3;14;0;0,0;0,0
2;3;2;0;2;1;4;307;0;0,0;0,0;3;307;0;0,0;0,0
2;3;2;0;3;0;2;1;0;0,0;0,0;3;1;0;0,0;0,0
0;0;3;1;5;0;8;1;0;0,0;0,0;3;1;0;0,0;0,0
0;0;3;1;5;1;1;5;0;0,0;0,0;3;5;0;0,0;0,0
0;0;3;1;5;1;5;1;0;0,0;0,0;3;1;0;0,0;0,0
0;0;3;3;1;0;4;38;0;0,0;0,0;3;38;0;0,0;0,0
0;0;3;3;1;1;4;28;0;0,0;0,0;3;28;0;0,0;0,0
0;0;3;3;2;0;4;4;0;0,0;0,0;3;4;0;0,0;0,0
0;0;3;3;2;1;4;2;0;0,0;0,0;3;2;0;0,0;0,0
0;0;3;3;3;0;8;1;0;0,0;0,0;3;1;0;0,0;0,0
0;0;3;3;3;1;4;1;0;0,0;0,0;3;1;0;0,0;0,0
0;0;3;3;4;0;1;1;0;0,0;0,0;3;1;0;0,0;0,0
0;0;3;3;4;0;2;1;0;0,0;0,0;3;1;0;0,0;0,0
0;0;3;3;4;1;2;1;0;0,0;0,0;3;1;0;0,0;0,0
0;0;3;3;5;1;2;1;0;0,0;0,0;3;1;0;0,0;0,0
0;0;3;3;5;1;4;2;0;0,0;0,0;3;2;0;0,0;0,0
0;0;3;3;5;1;5;1;0;0,0;0,0;3;1;0;0,0;0,0
0;0;4;0;4;0;4;5;5;100,0;0;3;5;0;0,0;0,0
0;2;0;3;3;0;4;1;0;0,0;0,0;3;1;0;0,0;0,0
0;2;0;3;4;0;1;38;0;0,0;0,0;3;38;0;0,0;0,0
0;2;0;3;4;0;4;13;0;0,0;0,0;3;13;0;0,0;0,0
0;2;0;3;4;1;1;1;0;0,0;0,0;3;1;0;0,0;0,0
0;2;0;3;4;1;4;11;0;0,0;0,0;3;11;0;0,0;0,0
0;2;0;3;5;0;2;4;0;0,0;0,0;3;4;0;0,0;0,0
0;2;0;3;5;1;5;2;0;0,0;0,0;3;2;0;0,0;0,0
0;2;2;0;1;0;1;10;0;0,0;0,0;3;10;0;0,0;0,0
0;2;2;0;1;0;4;70;0;0,0;0,0;3;70;0;0,0;0,0
0;2;2;0;1;1;1;907;0;0,0;0,0;3;907;0;0,0;0,0
0;2;2;0;1;1;4;6335;0;0,0;0,0;3;6335;0;0,0;0,0
0;2;2;0;1;1;8;31;0;0,0;0,0;3;31;0;0,0;0,0
0;2;2;0;2;0;1;11;0;0,0;0,0;3;11;0;0,0;0,0
0;2;2;0;2;0;4;117;0;0,0;0,0;3;117;0;0,0;0,0
0;2;2;0;2;1;1;552;0;0,0;0,0;3;552;0;0,0;0,0
0;2;2;0;2;1;4;21079;0;0,0;0,0;3;21074;0;0,0;0,0
0;2;3;0;5;1;2;2;0;0,0;0,0;3;2;0;0,0;0,0
0;2;3;1;1;0;1;1;0;0,0;0,0;3;1;0;0,0;0,0
0;2;3;1;1;0;4;512;0;0,0;0,0;0;2;0;0,0;0,0
0;2;3;1;1;0;4;512;0;0,0;0,0;3;510;0;0,0;0,0
0;2;3;1;1;0;5;18;0;0,0;0,0;3;18;0;0,0;0,0
0;2;3;1;1;0;8;3;0;0,0;0,0;3;3;0;0,0;0,0
0;2;3;1;1;1;4;259;0;0,0;0,0;3;259;0;0,0;0,0
0;2;3;1;2;0;1;2;0;0,0;0,0;3;2;0;0,0;0,0
0;2;3;1;2;0;4;133;0;0,0;0,0;3;133;0;0,0;0,0
0;2;3;1;2;1;4;77;0;0,0;0,0;3;77;0;0,0;0,0
0;2;3;1;3;0;2;24;0;0,0;0,0;3;24;0;0,0;0,0
0;2;3;1;3;0;4;1;0;0,0;0,0;3;1;0;0,0;0,0
0;2;3;1;3;0;8;221;20;9,0497737556561084;1,0;3;221;0;0,0;0,0
0;2;3;1;3;1;2;1;0;0,0;0,0;3;1;0;0,0;0,0
0;2;3;1;3;1;8;14;0;0,0;0,0;3;14;0;0,0;0,0
0;2;3;1;4;0;1;260;0;0,0;0,0;0;1;0;0,0;0,0
0;3;2;0;1;0;1;21;0;0,0;0,0;3;21;0;0,0;0,0
0;3;2;0;1;0;4;29;0;0,0;0,0;3;29;0;0,0;0,0
0;3;2;0;1;0;8;2;0;0,0;0,0;3;2;0;0,0;0,0
0;3;2;0;1;1;1;659;0;0,0;0,0;3;659;0;0,0;0,0
0;3;2;0;1;1;4;2878;0;0,0;0,0;3;2878;0;0,0;0,0
0;3;2;0;1;1;8;9;0;0,0;0,0;3;9;0;0,0;0,0
0;3;2;0;2;0;1;11;0;0,0;0,0;3;11;0;0,0;0,0
0;3;2;0;2;0;4;120;0;0,0;0,0;3;120;0;0,0;0,0
0;3;2;0;2;1;1;401;0;0,0;0,0;3;401;0;0,0;0,0
0;3;2;0;2;1;4;11810;0;0,0;0,0;0;1;0;0,0;0,0
0;3;2;0;2;1;4;11810;0;0,0;0,0;3;11809;0;0,0;0,0
0;3;2;0;3;0;2;111;0;0,0;0,0;3;111;0;0,0;0,0
0;3;2;0;3;0;8;9979;934;9,3596552760797671;1,0;3;9979;0;0,0;0,0
0;3;2;0;3;1;2;7482;0;0,0;0,0;0;11;0;0,0;0,0
0;3;2;0;3;1;2;7482;0;0,0;0,0;3;7471;0;0,0;0,0
0;3;2;0;3;1;4;199;0;0,0;0,0;3;199;0;0,0;0,0
0;3;3;1;2;0;1;228;0;0,0;0,0;3;228;0;0,0;0,0
0;3;3;1;2;0;4;1513;0;0,0;0,0;3;1513;0;0,0;0,0
0;3;3;1;2;1;1;2;0;0,0;0,0;3;2;0;0,0;0,0
0;3;3;1;2;1;4;2579;0;0,0;0,0;3;2579;0;0,0;0,0
0;3;3;1;3;0;1;1;0;0,0;0,0;3;1;0;0,0;0,0
0;3;3;1;3;0;2;900;0;0,0;0,0;3;900;0;0,0;0,0
0;3;3;1;3;0;4;2;0;0,0;0,0;3;2;0;0,0;0,0
0;3;3;1;3;0;8;16710;4391;26,277678037103531;1,0;0;1575;0;0,0;0,0
0;3;3;1;3;0;8;16710;4391;26,277678037103531;1,0;3;15135;0;0,0;0,0
0;3;3;1;3;1;2;9;0;0,0;0,0;3;9;0;0,0;0,0
0;3;3;1;3;1;8;18;0;0,0;0,0;3;18;0;0,0;0,0
0;3;3;1;4;0;1;6287;0;0,0;0,0;0;5;0;0,0;0,0
0;3;3;1;4;0;1;6287;0;0,0;0,0;3;6282;0;0,0;0,0
0;3;3;1;4;0;2;243;0;0,0;0,0;0;4;0;0,0;0,0
0;3;3;1;4;0;2;243;0;0,0;0,0;3;239;0;0,0;0,0
0;3;3;1;4;0;4;43991;0;0,0;0,0;0;344;0;0,0;0,0
1;3;3;1;2;0;8;1;0;0,0;0,0;3;1;0;0,0;0,0
1;3;3;1;3;0;2;3;0;0,0;0,0;3;3;0;0,0;0,0
1;3;3;1;3;0;8;145;0;0,0;0,0;3;145;0;0,0;0,0
1;3;3;1;4;0;1;1;0;0,0;0,0;3;1;0;0,0;0,0
1;3;3;1;5;0;2;1;0;0,0;0,0;3;1;0;0,0;0,0
1;3;4;1;3;0;8;792;789;99,621212121212125;0;0;2;0;0,0;0,0
1;3;4;1;3;0;8;792;789;99,621212121212125;0;3;790;0;0,0;0,0
1;3;5;1;3;0;8;8;0;0,0;0,0;3;8;0;0,0;0,0
2;0;0;0;4;1;4;1;0;0,0;0,0;3;1;0;0,0;0,0
2;0;0;0;4;1;8;2;0;0,0;0,0;3;2;0;0,0;0,0
2;0;2;0;1;1;4;3;0;0,0;0,0;3;3;0;0,0;0,0
2;0;2;0;2;1;4;15;0;0,0;0,0;3;15;0;0,0;0,0
2;0;2;0;3;1;2;27;0;0,0;0,0;3;27;0;0,0;0,0
2;0;2;0;4;1;1;52;0;0,0;0,0;3;52;0;0,0;0,0
2;0;2;0;4;1;4;762;0;0,0;0,0;0;1;0;0,0;0,0
2;0;2;0;4;1;4;762;0;0,0;0,0;3;761;0;0,0;0,0
0;0;3;1;1;1;4;69;0;0,0;0,0;3;69;0;0,0;0,0
0;0;3;1;2;0;1;7;0;0,0;0,0;3;7;0;0,0;0,0
0;0;3;1;2;0;4;157;0;0,0;0,0;3;157;0;0,0;0,0
0;0;3;1;2;1;4;452;0;0,0;0,0;3;452;0;0,0;0,0
0;0;3;1;3;0;2;19;0;0,0;0,0;3;19;0;0,0;0,0
0;0;3;1;3;0;8;3189;854;26,779554719347757;1,0;3;3054;0;0,0;0,0
0;0;3;1;3;0;8;3189;854;26,779554719347757;1,0;0;135;0;0,0;0,0
0;0;3;1;3;1;8;1;0;0,0;0,0;3;1;0;0,0;0,0
0;0;3;1;4;0;1;780;0;0,0;0,0;3;780;0;0,0;0,0
0;0;3;1;4;0;2;9;0;0,0;0,0;3;9;0;0,0;0,0
0;0;3;1;4;0;4;892;0;0,0;0,0;0;3;0;0,0;0,0
0;0;3;1;4;0;4;892;0;0,0;0,0;3;889;0;0,0;0,0
0;0;3;1;4;1;1;1;0;0,0;0,0;3;1;0;0,0;0,0
0;0;3;1;4;1;4;191;0;0,0;0,0;3;191;0;0,0;0,0
0;0;3;1;5;0;2;9;0;0,0;0,0;3;9;0;0,0;0,0
0;0;3;1;5;0;4;1;0;0,0;0,0;3;1;0;0,0;0,0
0;2;0;1;3;0;8;138;0;0,0;0,0;3;138;0;0,0;0,0
0;2;0;1;3;1;2;47;0;0,0;0,0;3;47;0;0,0;0,0
0;2;0;1;4;0;1;30;0;0,0;0,0;3;30;0;0,0;0,0
0;2;0;1;4;0;4;540;177;32,777777777777779;1,0;3;540;0;0,0;0,0
0;2;0;1;4;0;8;91;0;0,0;0,0;3;91;0;0,0;0,0
0;2;0;1;4;1;4;28;0;0,0;0,0;3;28;0;0,0;0,0
0;2;0;1;4;1;8;122;0;0,0;0,0;3;122;0;0,0;0,0
0;2;0;1;5;0;2;6;0;0,0;0,0;3;6;0;0,0;0,0
0;2;0;1;5;1;2;4;0;0,0;0,0;3;4;0;0,0;0,0
0;2;0;2;2;0;4;1;0;0,0;0,0;3;1;0;0,0;0,0
0;2;0;2;4;0;4;3;0;0,0;0,0;3;3;0;0,0;0,0
0;2;0;2;4;1;1;1;0;0,0;0,0;3;1;0;0,0;0,0
0;2;0;2;4;1;4;4;0;0,0;0,0;3;4;0;0,0;0,0
0;2;0;3;1;0;4;4;0;0,0;0,0;3;4;0;0,0;0,0
0;2;0;3;1;1;4;6;0;0,0;0,0;3;6;0;0,0;0,0
0;2;0;3;2;1;4;3;0;0,0;0,0;3;3;0;0,0;0,0
0;2;3;0;2;0;4;66;0;0,0;0,0;0;1;0;0,0;0,0
0;2;3;0;2;0;4;66;0;0,0;0,0;3;65;0;0,0;0,0
0;2;3;0;2;1;1;1;0;0,0;0,0;3;1;0;0,0;0,0
0;2;3;0;2;1;4;89;0;0,0;0,0;3;89;0;0,0;0,0
0;2;3;0;3;0;2;1;0;0,0;0,0;3;1;0;0,0;0,0
0;2;3;0;3;0;8;8;0;0,0;0,0;3;8;0;0,0;0,0
0;2;3;0;3;1;2;96;0;0,0;0,0;3;96;0;0,0;0,0
0;2;3;0;3;1;8;1;0;0,0;0,0;3;1;0;0,0;0,0
0;2;3;0;4;0;2;51;0;0,0;0,0;3;51;0;0,0;0,0
0;2;3;0;4;0;4;2;0;0,0;0,0;3;2;0;0,0;0,0
0;2;3;0;4;0;8;2;0;0,0;0,0;3;2;0;0,0;0,0
0;2;3;0;4;1;1;83;0;0,0;0,0;3;83;0;0,0;0,0
0;2;3;0;4;1;2;1;0;0,0;0,0;3;1;0;0,0;0,0
0;2;3;0;4;1;4;699;0;0,0;0,0;0;6;0;0,0;0,0
0;2;3;0;4;1;4;699;0;0,0;0,0;3;693;0;0,0;0,0
0;2;3;0;4;1;8;68;0;0,0;0,0;3;68;0;0,0;0,0
0;3;0;1;3;1;4;8;0;0,0;0,0;3;8;0;0,0;0,0
0;3;0;1;4;0;1;251;0;0,0;0,0;3;251;0;0,0;0,0
0;3;0;1;4;0;2;2;0;0,0;0,0;3;2;0;0,0;0,0
0;3;0;1;4;0;4;2182;0;0,0;0,0;0;31;0;0,0;0,0
0;3;0;1;4;0;4;2182;0;0,0;0,0;3;2151;0;0,0;0,0
0;3;0;1;4;1;1;26;0;0,0;0,0;3;26;0;0,0;0,0
0;3;0;1;4;1;4;202;0;0,0;0,0;3;202;0;0,0;0,0
0;3;0;1;4;1;8;19;0;0,0;0,0;3;19;0;0,0;0,0
0;3;0;2;1;0;4;2;0;0,0;0,0;3;2;0;0,0;0,0
0;3;0;2;2;0;4;1;0;0,0;0,0;3;1;0;0,0;0,0
0;3;0;2;4;0;4;1;0;0,0;0,0;3;1;0;0,0;0,0
0;3;0;3;3;0;2;1;0;0,0;0,0;3;1;0;0,0;0,0
0;3;0;3;4;0;1;2;0;0,0;0,0;3;2;0;0,0;0,0
0;3;0;3;4;0;4;12;0;0,0;0,0;3;12;0;0,0;0,0
0;3;0;3;4;1;1;2;0;0,0;0,0;3;2;0;0,0;0,0
0;3;0;3;4;1;4;15;0;0,0;0,0;3;15;0;0,0;0,0
0;3;3;1;4;0;4;43991;0;0,0;0,0;3;43647;0;0,0;0,0
0;3;3;1;4;0;8;80;0;0,0;0,0;3;80;0;0,0;0,0
0;3;3;1;4;1;1;30;0;0,0;0,0;3;30;0;0,0;0,0
0;3;3;1;4;1;2;12;0;0,0;0,0;3;12;0;0,0;0,0
0;3;3;1;4;1;4;137;0;0,0;0,0;3;137;0;0,0;0,0
0;3;3;1;4;1;8;10;0;0,0;0,0;3;10;0;0,0;0,0
0;3;3;1;5;0;1;10;0;0,0;0,0;3;10;0;0,0;0,0
0;3;3;1;5;0;2;9;0;0,0;0,0;3;9;0;0,0;0,0
0;3;3;1;5;0;4;15;0;0,0;0,0;3;15;0;0,0;0,0
0;3;3;1;5;0;5;3;0;0,0;0,0;3;3;0;0,0;0,0
0;3;3;1;5;0;8;5;0;0,0;0,0;3;5;0;0,0;0,0
0;3;3;1;5;1;1;13;0;0,0;0,0;3;13;0;0,0;0,0
0;3;3;1;5;1;2;10;0;0,0;0,0;3;10;0;0,0;0,0
0;3;3;1;5;1;4;4;0;0,0;0,0;3;4;0;0,0;0,0
0;3;3;1;5;1;5;15;0;0,0;0,0;3;15;0;0,0;0,0
0;3;3;2;1;0;4;9;0;0,0;0,0;3;9;0;0,0;0,0
2;0;2;0;4;1;8;25;0;0,0;0,0;3;25;0;0,0;0,0
2;0;2;1;1;0;4;286;0;0,0;0,0;3;286;0;0,0;0,0
2;0;3;0;1;1;4;1;0;0,0;0,0;3;1;0;0,0;0,0
2;0;3;0;4;1;1;3;0;0,0;0,0;3;3;0;0,0;0,0
2;0;3;0;4;1;8;1;0;0,0;0,0;3;1;0;0,0;0,0
2;0;4;0;1;1;4;1;0;0,0;0,0;3;1;0;0,0;0,0
2;0;4;0;2;1;4;11;0;0,0;0,0;3;11;0;0,0;0,0
2;0;4;0;4;1;1;19;0;0,0;0,0;3;19;0;0,0;0,0
2;0;4;0;4;1;8;16;0;0,0;0,0;3;16;0;0,0;0,0
2;0;5;0;1;1;4;1;0;0,0;0,0;3;1;0;0,0;0,0
2;0;5;0;3;1;2;21;0;0,0;0,0;3;21;0;0,0;0,0
2;0;5;0;4;1;1;6;0;0,0;0,0;3;6;0;0,0;0,0
2;0;5;0;4;1;4;10;0;0,0;0,0;3;10;0;0,0;0,0
2;0;5;0;4;1;8;2;0;0,0;0,0;3;2;0;0,0;0,0
2;0;5;1;1;0;4;4;4;100,0;0;3;4;0;0,0;0,0
2;2;0;0;4;1;8;8;0;0,0;0,0;3;8;0;0,0;0,0